{
  "10.255.255.254": {
    "ewma": {
      "f_0": 0.0,
      "f_1": 0.0,
      "f_2": 0.0,
      "f_3": 0.0,
      "f_4": 0.0,
      "f_5": 0.0,
      "f_6": 0.0,
      "f_7": 0.0,
      "f_8": 0.0,
      "f_9": 0.0,
      "f_10": 0.0,
      "f_11": 0.0,
      "f_12": 0.0,
      "f_13": 0.0,
      "f_14": 0.0,
      "f_15": 0.0,
      "f_16": 0.0,
      "f_17": 0.0,
      "f_18": 0.0,
      "f_19": 0.0,
      "f_20": 0.0,
      "f_21": 0.0,
      "f_22": 0.0,
      "f_23": 0.0,
      "f_24": 0.0,
      "f_25": 0.0,
      "f_26": 0.0,
      "f_27": 0.0,
      "f_28": 0.0,
      "f_29": 0.0,
      "f_30": 0.0,
      "f_31": 0.0,
      "f_32": 0.0,
      "f_33": 0.0,
      "f_34": 0.0,
      "f_35": 0.0,
      "f_36": 0.0,
      "f_37": 0.0,
      "f_38": 0.0,
      "f_39": 0.0,
      "f_40": 0.0,
      "f_41": 0.0,
      "f_42": 0.0,
      "f_43": 0.0,
      "f_44": 0.0,
      "f_45": 0.0,
      "f_46": 0.0,
      "f_47": 0.0,
      "f_48": 0.0,
      "f_49": 0.0
    },
    "ewmvar": {
      "f_0": 0.00029084519199685307,
      "f_1": 0.00029084519199685307,
      "f_2": 0.00029084519199685307,
      "f_3": 0.00029084519199685307,
      "f_4": 0.00029084519199685307,
      "f_5": 0.00029084519199685307,
      "f_6": 0.00029084519199685307,
      "f_7": 0.00029084519199685307,
      "f_8": 0.00029084519199685307,
      "f_9": 0.00029084519199685307,
      "f_10": 0.00029084519199685307,
      "f_11": 0.00029084519199685307,
      "f_12": 0.00029084519199685307,
      "f_13": 0.00029084519199685307,
      "f_14": 0.00029084519199685307,
      "f_15": 0.00029084519199685307,
      "f_16": 0.00029084519199685307,
      "f_17": 0.00029084519199685307,
      "f_18": 0.00029084519199685307,
      "f_19": 0.00029084519199685307,
      "f_20": 0.00029084519199685307,
      "f_21": 0.00029084519199685307,
      "f_22": 0.00029084519199685307,
      "f_23": 0.00029084519199685307,
      "f_24": 0.00029084519199685307,
      "f_25": 0.00029084519199685307,
      "f_26": 0.00029084519199685307,
      "f_27": 0.00029084519199685307,
      "f_28": 0.00029084519199685307,
      "f_29": 0.00029084519199685307,
      "f_30": 0.00029084519199685307,
      "f_31": 0.00029084519199685307,
      "f_32": 0.00029084519199685307,
      "f_33": 0.00029084519199685307,
      "f_34": 0.00029084519199685307,
      "f_35": 0.00029084519199685307,
      "f_36": 0.00029084519199685307,
      "f_37": 0.00029084519199685307,
      "f_38": 0.00029084519199685307,
      "f_39": 0.00029084519199685307,
      "f_40": 0.00029084519199685307,
      "f_41": 0.00029084519199685307,
      "f_42": 0.00029084519199685307,
      "f_43": 0.00029084519199685307,
      "f_44": 0.00029084519199685307,
      "f_45": 0.00029084519199685307,
      "f_46": 0.00029084519199685307,
      "f_47": 0.00029084519199685307,
      "f_48": 0.00029084519199685307,
      "f_49": 0.00029084519199685307
    },
    "count": {
      "f_0": 66,
      "f_1": 66,
      "f_2": 66,
      "f_3": 66,
      "f_4": 66,
      "f_5": 66,
      "f_6": 66,
      "f_7": 66,
      "f_8": 66,
      "f_9": 66,
      "f_10": 66,
      "f_11": 66,
      "f_12": 66,
      "f_13": 66,
      "f_14": 66,
      "f_15": 66,
      "f_16": 66,
      "f_17": 66,
      "f_18": 66,
      "f_19": 66,
      "f_20": 66,
      "f_21": 66,
      "f_22": 66,
      "f_23": 66,
      "f_24": 66,
      "f_25": 66,
      "f_26": 66,
      "f_27": 66,
      "f_28": 66,
      "f_29": 66,
      "f_30": 66,
      "f_31": 66,
      "f_32": 66,
      "f_33": 66,
      "f_34": 66,
      "f_35": 66,
      "f_36": 66,
      "f_37": 66,
      "f_38": 66,
      "f_39": 66,
      "f_40": 66,
      "f_41": 66,
      "f_42": 66,
      "f_43": 66,
      "f_44": 66,
      "f_45": 66,
      "f_46": 66,
      "f_47": 66,
      "f_48": 66,
      "f_49": 66
    },
    "first_seen": 1776962155.6894042,
    "last_update": 1776962224.6564958,
    "total_samples": 66
  },
  "127.0.0.1": {
    "ewma": {
      "f_0": 25.780125355002287,
      "f_1": 22.53519740671751,
      "f_2": 25.436414396143356,
      "f_3": 26.70854769488128,
      "f_4": 21.39521884376765,
      "f_5": 20.169616078772727,
      "f_6": 22.845400951643445,
      "f_7": 24.630714992200453,
      "f_8": 21.941372859561692,
      "f_9": 22.047229309085886,
      "f_10": 23.78819596363332,
      "f_11": 25.13577475476728,
      "f_12": 16.19347653199129,
      "f_13": 16.528630691327223,
      "f_14": 18.724854015245285,
      "f_15": 11.83679437574651,
      "f_16": 15.549545926831636,
      "f_17": 19.893414464545746,
      "f_18": 20.110941007037276,
      "f_19": 20.41134121534278,
      "f_20": 15.610505647664747,
      "f_21": 15.051899952430228,
      "f_22": 18.374551786973857,
      "f_23": 17.116385218804908,
      "f_24": 13.142298384740853,
      "f_25": 8.209622234473041,
      "f_26": 12.732481825520079,
      "f_27": 16.020807091441196,
      "f_28": 17.745123877531967,
      "f_29": 17.876782051280323,
      "f_30": 14.628004834644047,
      "f_31": 15.069702026578906,
      "f_32": 16.833336216624495,
      "f_33": 13.942177749148323,
      "f_34": 11.703789134100072,
      "f_35": 14.703057388870493,
      "f_36": 15.546804066329033,
      "f_37": 16.63148832067406,
      "f_38": 17.16573698804234,
      "f_39": 12.800264630118345,
      "f_40": 14.275120101032144,
      "f_41": 12.276933217915996,
      "f_42": 13.006718122779944,
      "f_43": 14.017346420044904,
      "f_44": 14.758399168653595,
      "f_45": 11.497726137888007,
      "f_46": 9.578075466788043,
      "f_47": 7.950597304431807,
      "f_48": 13.017134403989614,
      "f_49": 14.026614450790019
    },
    "ewmvar": {
      "f_0": 1881.815122158938,
      "f_1": 1466.0022123384356,
      "f_2": 1643.239960850416,
      "f_3": 1944.3678281208677,
      "f_4": 1581.9363516347285,
      "f_5": 1287.1638372131572,
      "f_6": 1605.114584904351,
      "f_7": 1864.3753182884532,
      "f_8": 1569.3474547097799,
      "f_9": 1614.9203547805855,
      "f_10": 1711.165851146396,
      "f_11": 1903.3994777273258,
      "f_12": 1204.2096762010303,
      "f_13": 1237.6366122033758,
      "f_14": 1496.307053579684,
      "f_15": 763.6942094521056,
      "f_16": 1178.5497175439941,
      "f_17": 1569.073035046468,
      "f_18": 1569.8923998420069,
      "f_19": 1644.4031808859197,
      "f_20": 1208.7080387880583,
      "f_21": 1012.2455614562177,
      "f_22": 1576.70592377611,
      "f_23": 1337.850335036777,
      "f_24": 1028.051419760918,
      "f_25": 592.0090048000185,
      "f_26": 982.6519052000826,
      "f_27": 1230.2974326124397,
      "f_28": 1445.8170926315433,
      "f_29": 1563.6634558043845,
      "f_30": 1114.0781010172961,
      "f_31": 1192.2130832784874,
      "f_32": 1332.0241662084547,
      "f_33": 959.9293895074028,
      "f_34": 712.84703433078,
      "f_35": 1041.3836212724436,
      "f_36": 1159.0106172221572,
      "f_37": 1345.2252795330592,
      "f_38": 1447.9773072187772,
      "f_39": 909.0434191071912,
      "f_40": 942.7628733701549,
      "f_41": 714.8804754383202,
      "f_42": 808.5824189397313,
      "f_43": 888.7492725913286,
      "f_44": 952.8812052725489,
      "f_45": 627.0794886123138,
      "f_46": 572.4052300158445,
      "f_47": 372.31754585874415,
      "f_48": 767.3364087919714,
      "f_49": 1081.1352323491594
    },
    "count": {
      "f_0": 3934,
      "f_1": 3934,
      "f_2": 3934,
      "f_3": 3934,
      "f_4": 3934,
      "f_5": 3934,
      "f_6": 3934,
      "f_7": 3934,
      "f_8": 3934,
      "f_9": 3934,
      "f_10": 3934,
      "f_11": 3934,
      "f_12": 3934,
      "f_13": 3934,
      "f_14": 3934,
      "f_15": 3934,
      "f_16": 3934,
      "f_17": 3934,
      "f_18": 3934,
      "f_19": 3934,
      "f_20": 3934,
      "f_21": 3934,
      "f_22": 3934,
      "f_23": 3934,
      "f_24": 3934,
      "f_25": 3934,
      "f_26": 3934,
      "f_27": 3934,
      "f_28": 3934,
      "f_29": 3934,
      "f_30": 3934,
      "f_31": 3934,
      "f_32": 3934,
      "f_33": 3934,